genotype,display_name,region
TNTxG76,20G07,Vision
TNTxG75,44H11,Vision
TNTxG74,72D07,Vision
TNTxZ1978,All PAMs,MB extrinsic neurons
TNTxZ2015,All PPL1,MB extrinsic neurons
TNTxZ1687,AstA 3M,Neuropeptide
TNTxZ1688,AstA 5,Neuropeptide
TNTxZ1703,AstC 1M,Neuropeptide
TNTxZ1689,Burs 4M,Neuropeptide
TNTxZ1638,C739,MB
M6,Canton-S,Control
TNTxZ1678,Capa 4F,Neuropeptide
TNTxZ1679,Capa 5F,Neuropeptide
TNTxZ1685,Crz 3M,Neuropeptide
TNTxZ1686,Crz 4M,Neuropeptide
TNTxDDC,DDC,MB extrinsic neurons
TNTxZ1697,Dh31 2M,Neuropeptide
TNTxZ1698,Dh31 5F,Neuropeptide
TNTxZ1696,Dh44 2M,Neuropeptide
TNTxZ1690,Dsk 3M,Neuropeptide
TNTxZ2018,Empty GAL4,Control
TNTxZ2035,Empty split-GAL4,Control
TNTxZ1699,FMRFa 1M,Neuropeptide
TNTxZ1654,GH146,Olfaction
TNTxEPG,GMR70G12,CX
TNTxG54,GMR86D09,fchON
TNTxZ1642,GR63a mutant,Olfaction
TNTxZ1643,GR63a,Olfaction
TNTxZ1666,IR25a mutant,Olfaction
TNTxZ1664,IR25a,Olfaction
TNTxZ1667,IR8a mutant,Olfaction
TNTxZ1665,IR8a,Olfaction
TNTxG53,JON-AB,JON
TNTxG78,KC-α/βc,MB
TNTxG82,KC-α/βs,MB
TNTxG79,KC-γd,MB
TNTxG81,KC-γmain,MB
TNTxG58,LC10-1,Vision
TNTxG59,LC10-2,Vision
TNTxG60,LC11,Vision
TNTxG61,LC12,Vision
TNTxG62,LC13,Vision
TNTxG63,LC15,Vision
TNTxG64,LC16-1,Vision
TNTxG65,LC16-2,Vision
TNTxG66,LC20,Vision
TNTxG67,LC21,Vision
TNTxG68,LC22,Vision
TNTxG69,LC24,Vision
TNTxG70,LC25,Vision
TNTxG71,LC26,Vision
TNTxG55,LC4,Vision
TNTxG56,LC6,Vision
TNTxG57,LC9,Vision
TNTxZ1867,LH1000,LH
TNTxZ1874,LH1112,LH
TNTxZ1866,LH1139,LH
TNTxZ1888,LH123,LH
TNTxZ1884,LH1284,LH
TNTxZ1883,LH1337,LH
TNTxZ1876,LH141,LH
TNTxZ1881,LH1479,LH
TNTxZ1890,LH1531,LH
TNTxZ1810,LH1543,LH
TNTxZ1865,LH1554,LH
TNTxZ1869,LH1594,LH
TNTxZ1891,LH1668,LH
TNTxZ1878,LH168,LH
TNTxZ1863,LH1721,LH
TNTxZ1862,LH1744,LH
TNTxZ1898,LH18,LH
TNTxZ1897,LH180,LH
TNTxZ1843,LH1827,LH
TNTxZ1856,LH1893,LH
TNTxZ1855,LH1900,LH
TNTxZ1873,LH191,LH
TNTxZ1859,LH1925,LH
TNTxZ1857,LH1959,LH
TNTxZ1854,LH1990,LH
TNTxZ1845,LH2001,LH
TNTxZ1858,LH2033,LH
TNTxZ1851,LH2087,LH
TNTxZ1850,LH2193,LH
TNTxZ1846,LH2201,LH
TNTxZ1852,LH2220,LH
TNTxZ1849,LH2382,LH
TNTxZ1847,LH2385,LH
TNTxZ1848,LH2392,LH
TNTxZ1821,LH2445,LH
TNTxZ1723,LH2446,LH
TNTxZ1740,LH2454,LH
TNTxZ1871,LH247,LH
TNTxZ1887,LH258,LH
TNTxZ1879,LH272,LH
TNTxZ1896,LH279,LH
TNTxZ1894,LH290,LH
TNTxZ1880,LH374,LH
TNTxZ1870,LH412,LH
TNTxZ1895,LH421,LH
TNTxZ1841,LH528,LH
TNTxZ1872,LH542,LH
TNTxZ1868,LH567,LH
TNTxZ1892,LH578,LH
TNTxZ1861,LH629,LH
TNTxZ1860,LH721,LH
TNTxZ1875,LH788,LH
TNTxZ1889,LH849,LH
TNTxZ1877,LH85,LH
TNTxZ1882,LH979,LH
TNTxZ1886,LH989,LH
TNTxG72,LPLC2,Vision
TNTxZ1701,Lk 1,Neuropeptide
TNTxZ1702,Lk 2M,Neuropeptide
TNTxZ2042,MB-APL,MB extrinsic neurons
TNTxZ2027,MB-C1,MB extrinsic neurons
TNTxZ2017,MB-CSD,MB extrinsic neurons
TNTxZ1972,MB-DPM,MB extrinsic neurons
TNTxZ1676,MB247,MB
TNTxMB247,MB247,MB
TNTxG93,MB310C,MB
TNTxG101,MB371B,MB
TNTxG97,MB399B,MB
TNTxG94,MB418B,MB
TNTxG95,MB434B,MB
TNTxG98,MB463B,MB
TNTxG99,MB542B,MB
TNTxG96,MB543B,MB
TNTxG100,MB549C,MB
TNTxG83,MBON-γ5β′2a,MB
TNTxG91,MBON-β′2mp,MB
TNTxG88,MBON-β′2mp-bi,MB
TNTxG87,MBON-08-09,MB
TNTxG84,MBON-β′1,MB
TNTxG80,MBON-γ1pedc>α/β,MB
TNTxG85,MBON-γ2α′1,MB
TNTxG89,MBON-α′2,MB
TNTxG86,MBON-α3,MB
TNTxG90,MBON-16-17,MB
TNTxG92,MBON-calyx,MB
TNTxZ1659,MZ19,Olfaction
TNTxZ1692,Mip 1M,Neuropeptide
TNTxZ1693,Mip 2M,Neuropeptide
TNTxZ1694,Ms 1M,Neuropeptide
TNTxZ1695,Ms 6Ma,Neuropeptide
TNTxZ1650,NPF 2,Neuropeptide
TNTxZ2007,OA-VPM3,MB extrinsic neurons
TNTxZ1999,OA-VPM4,MB extrinsic neurons
TNTxZ1633,OK107,MB
TNTxZ1677,OR47b mutant,Olfaction
TNTxZ1644,OR47b,Olfaction
TNTxZ1646,OR67d,Olfaction
TNTxZ1648,OR88a,Olfaction
TNTxZ1647,ORCO mutant,Olfaction
TNTxZ1649,ORCO,Olfaction
TNTxZ2014,PAM-01,MB extrinsic neurons
TNTxZ1998,PAM-02,MB extrinsic neurons
TNTxZ2012,PAM-03,MB extrinsic neurons
TNTxZ2002,PAM-04,MB extrinsic neurons
TNTxZ2003,PAM-05,MB extrinsic neurons
TNTxZ2009,PAM-06,MB extrinsic neurons
TNTxZ2013,PAM-07,MB extrinsic neurons
TNTxZ2000,PAM-08,MB extrinsic neurons
TNTxZ2001,PAM-09,MB extrinsic neurons
TNTxZ1995,PAM-10,MB extrinsic neurons
TNTxZ2010,PAM-11,MB extrinsic neurons
TNTxZ1996,PAM-12,MB extrinsic neurons
TNTxZ2008,PAM-13-14,MB extrinsic neurons
TNTxZ1997,PPL1-01,MB extrinsic neurons
TNTxZ2011,PPL1-03,MB extrinsic neurons
TNTxZ2016,PPL1-04,MB extrinsic neurons
TNTxZ2004,PPL1-05,MB extrinsic neurons
TNTxZ2005,PPL1-06,MB extrinsic neurons
M7,PR,Control
PR,PR,Control
TNTxZ1984,R4d,CX
TNTxZ1985,P-EN1(2),CX
TNTxZ1987,ExR4,CX
TNTxZ1988,R1/R3/R4d,CX
TNTxZ2025,E-PG (R19G02),CX
TNTxZ1990,ER3m,CX
TNTxZ1991,ER1,CX
TNTxZ1980,R4,CX
TNTxZ1993,Ventral P-FN,CX
TNTxZ1973,R4m,CX
TNTxZ2041,E-PG (R70G12),CX
TNTxZ1974,ExR1,CX
TNTxZ1983,ER2,CX
TNTxZ1975,ER3d,CX
TNTxZ2006,SIFamide,MB extrinsic neurons
TNTxZ2026,PBG2-9.s-FBℓ3.b-NO2D.b,CX
TNTxZ2030,P-F3LC,CX
TNTxZ2029,P-F2N3,CX
TNTxLAL2,LAL-2,CX
TNTxLAL1,LAL-1,CX
TNTxZ2040,LNa,CX
TNTxZ2036,P-F1N3,CX
TNTxZ2039,PBG2-9.s-FBℓ3.b-NO2V.b,CX
TNTxZ2038,PBG2-9.s-EBt.b-NO1.b,CX
TNTxZ2037,P-F3-5R,CX
TNTxPLE,TH,MB extrinsic neurons
TNTxTH,TH,MB extrinsic neurons
TNTxM6,TNT×Canton-S,Control
TNTxM7,TNT×PR,Control
TNTxZ1682,Tk 2Ma,Neuropeptide
TNTxZ1683,Tk 3Ma,Neuropeptide
TNTxZ1684,Tk 5Fa,Neuropeptide
TNTxZ1900,pC1-SS1,DN
TNTxZ1700,sNPF 2,Neuropeptide
